loss,reward,qa_acc,suff_info_acc
2.9143424114637826,11.591572398190046,0.375,0.5
2.213039986312152,12.110576923076923,0.625,0.625
2.375154768540345,9.708333333333332,0.5,0.5
